<mets:mets xmlns:mets="http://www.loc.gov/METS/" xmlns:xlink="http://www.w3.org/1999/xlink" xmlns:xsi="http://www.w3.org/2001/XMLSchema-instance" xsi:schemaLocation="info:lc/xmlns/premis-v2 http://www.loc.gov/standards/premis/v2/premis-v2-0.xsd http://www.loc.gov/mods/v3 http://www.loc.gov/standards/mods/v3/mods-3-6.xsd http://www.loc.gov/METS/ http://www.loc.gov/standards/mets/mets.xsd http://www.loc.gov/mix/v10 http://www.loc.gov/standards/mix/mix10/mix10.xsd">
  <mets:metsHdr CREATEDATE="2022-04-12T18:23:58.914054">
    <mets:agent TYPE="OTHER" OTHERTYPE="SOFTWARE" ROLE="CREATOR">
      <mets:name>ocrd/core v2.32.0</mets:name>
    </mets:agent>
  </mets:metsHdr>
  <mets:dmdSec ID="DMDLOG_0001">
    <mets:mdWrap MDTYPE="MODS">
      <mets:xmlData>
        <mods:mods xmlns:mods="http://www.loc.gov/mods/v3">
          <mods:identifier type="purl">test-123</mods:identifier>
        </mods:mods>
      </mets:xmlData>
    </mets:mdWrap>
  </mets:dmdSec>
  <mets:amdSec ID="AMD">
    </mets:amdSec>
  <mets:fileSec>
    <mets:fileGrp USE="OCR-D-IMG">
      <mets:file ID="madeUpId-2" MIMETYPE="image/png">
        <mets:FLocat LOCTYPE="OTHER" OTHERLOCTYPE="FILE" xlink:href="OCR-D-IMG/madeUpId-2.jpg"/>
      </mets:file>
    </mets:fileGrp>
  </mets:fileSec>
  <mets:structMap TYPE="PHYSICAL">
    <mets:div TYPE="physSequence">
      <mets:div TYPE="page" ID="madeUpId-1">
        <mets:fptr FILEID="madeUpId-2"/>
      </mets:div>
    </mets:div>
  </mets:structMap>
</mets:mets>
